record_id,product_id,competitor_name,observed_date,competitor_price
P1001-2025-05-06,P1001,Northline,2025-05-06,77.52
P1001-2025-05-13,P1001,Northline,2025-05-13,77.74
P1001-2025-05-20,P1001,Northline,2025-05-20,80.02
P1001-2025-05-27,P1001,Northline,2025-05-27,79.09
P1001-2025-06-03,P1001,Northline,2025-06-03,78.49
P1001-2025-06-10,P1001,Northline,2025-06-10,77.7
P1001-2025-06-17,P1001,Northline,2025-06-17,76.69
P1001-2025-06-24,P1001,Northline,2025-06-24,77.03
P1001-2025-07-01,P1001,Northline,2025-07-01,75.56
P1001-2025-07-08,P1001,Northline,2025-07-08,75.57
P1001-2025-07-15,P1001,Northline,2025-07-15,74.82
P1001-2025-07-22,P1001,Northline,2025-07-22,75.08
P1001-2025-07-29,P1001,Northline,2025-07-29,73.96
P1001-2025-08-05,P1001,Northline,2025-08-05,74.06
P1001-2025-08-12,P1001,Northline,2025-08-12,74.43
P1001-2025-08-19,P1001,Northline,2025-08-19,73.26
P1001-2025-08-26,P1001,Northline,2025-08-26,72.34
P1001-2025-09-02,P1001,Northline,2025-09-02,78.3
P1001-2025-09-09,P1001,Northline,2025-09-09,78.77
P1001-2025-09-16,P1001,Northline,2025-09-16,77.65
P1001-2025-09-23,P1001,Northline,2025-09-23,79.91
P1001-2025-09-30,P1001,Northline,2025-09-30,77.88
P1001-2025-10-07,P1001,Northline,2025-10-07,80.7
P1001-2025-10-14,P1001,Northline,2025-10-14,80.26
P1001-2025-10-21,P1001,Northline,2025-10-21,78.01
P1001-2025-10-28,P1001,Northline,2025-10-28,78.81
P1001-2025-11-04,P1001,Northline,2025-11-04,79.44
P1001-2025-11-11,P1001,Northline,2025-11-11,77.19
P1001-2025-11-18,P1001,Northline,2025-11-18,78.24
P1001-2025-11-25,P1001,Northline,2025-11-25,73.27
P1001-2025-12-02,P1001,Northline,2025-12-02,76.25
P1001-2025-12-09,P1001,Northline,2025-12-09,78.93
P1001-2025-12-16,P1001,Northline,2025-12-16,80.08
P1001-2025-12-23,P1001,Northline,2025-12-23,78.03
P1001-2025-12-30,P1001,Northline,2025-12-30,79.36
P1001-2026-01-06,P1001,Northline,2026-01-06,75.86
P1001-2026-01-13,P1001,Northline,2026-01-13,76.41
P1001-2026-01-20,P1001,Northline,2026-01-20,75.7
P1001-2026-01-27,P1001,Northline,2026-01-27,77.95
P1001-2026-02-03,P1001,Northline,2026-02-03,78.89
P1001-2026-02-10,P1001,Northline,2026-02-10,77.26
P1001-2026-02-17,P1001,Northline,2026-02-17,76.5
P1001-2026-02-24,P1001,Northline,2026-02-24,77.45
P1001-2026-03-03,P1001,Northline,2026-03-03,73.97
P1001-2026-03-10,P1001,Northline,2026-03-10,74.05
P1001-2026-03-17,P1001,Northline,2026-03-17,76.25
P1001-2026-03-24,P1001,Northline,2026-03-24,75.5
P1001-2026-03-31,P1001,Northline,2026-03-31,74.15
P1001-2026-04-07,P1001,Northline,2026-04-07,75.04
P1001-2026-04-14,P1001,Northline,2026-04-14,76.03
P1001-2026-04-21,P1001,Northline,2026-04-21,77.08
P1001-2026-04-28,P1001,Northline,2026-04-28,76.72
P1002-2025-05-06,P1002,Mira & Co,2025-05-06,55.78
P1002-2025-05-13,P1002,Mira & Co,2025-05-13,56.73
P1002-2025-05-20,P1002,Mira & Co,2025-05-20,56.44
P1002-2025-05-27,P1002,Mira & Co,2025-05-27,55.78
P1002-2025-06-03,P1002,Mira & Co,2025-06-03,54.77
P1002-2025-06-10,P1002,Mira & Co,2025-06-10,54.34
P1002-2025-06-17,P1002,Mira & Co,2025-06-17,53.9
P1002-2025-06-24,P1002,Mira & Co,2025-06-24,55.07
P1002-2025-07-01,P1002,Mira & Co,2025-07-01,54.36
P1002-2025-07-08,P1002,Mira & Co,2025-07-08,53.72
P1002-2025-07-15,P1002,Mira & Co,2025-07-15,52.16
P1002-2025-07-22,P1002,Mira & Co,2025-07-22,53.08
P1002-2025-07-29,P1002,Mira & Co,2025-07-29,52.02
P1002-2025-08-05,P1002,Mira & Co,2025-08-05,54.15
P1002-2025-08-12,P1002,Mira & Co,2025-08-12,53.97
P1002-2025-08-19,P1002,Mira & Co,2025-08-19,52.19
P1002-2025-08-26,P1002,Mira & Co,2025-08-26,52.35
P1002-2025-09-02,P1002,Mira & Co,2025-09-02,55.26
P1002-2025-09-09,P1002,Mira & Co,2025-09-09,56.5
P1002-2025-09-16,P1002,Mira & Co,2025-09-16,57.04
P1002-2025-09-23,P1002,Mira & Co,2025-09-23,55.8
P1002-2025-09-30,P1002,Mira & Co,2025-09-30,56.22
P1002-2025-10-07,P1002,Mira & Co,2025-10-07,57.17
P1002-2025-10-14,P1002,Mira & Co,2025-10-14,56.8
P1002-2025-10-21,P1002,Mira & Co,2025-10-21,55.9
P1002-2025-10-28,P1002,Mira & Co,2025-10-28,55.54
P1002-2025-11-04,P1002,Mira & Co,2025-11-04,57.0
P1002-2025-11-11,P1002,Mira & Co,2025-11-11,55.23
P1002-2025-11-18,P1002,Mira & Co,2025-11-18,54.78
P1002-2025-11-25,P1002,Mira & Co,2025-11-25,53.25
P1002-2025-12-02,P1002,Mira & Co,2025-12-02,53.01
P1002-2025-12-09,P1002,Mira & Co,2025-12-09,56.58
P1002-2025-12-16,P1002,Mira & Co,2025-12-16,55.71
P1002-2025-12-23,P1002,Mira & Co,2025-12-23,57.24
P1002-2025-12-30,P1002,Mira & Co,2025-12-30,56.6
P1002-2026-01-06,P1002,Mira & Co,2026-01-06,54.5
P1002-2026-01-13,P1002,Mira & Co,2026-01-13,54.66
P1002-2026-01-20,P1002,Mira & Co,2026-01-20,54.95
P1002-2026-01-27,P1002,Mira & Co,2026-01-27,54.15
P1002-2026-02-03,P1002,Mira & Co,2026-02-03,54.8
P1002-2026-02-10,P1002,Mira & Co,2026-02-10,54.45
P1002-2026-02-17,P1002,Mira & Co,2026-02-17,54.51
P1002-2026-02-24,P1002,Mira & Co,2026-02-24,55.12
P1002-2026-03-03,P1002,Mira & Co,2026-03-03,51.97
P1002-2026-03-10,P1002,Mira & Co,2026-03-10,51.86
P1002-2026-03-17,P1002,Mira & Co,2026-03-17,54.41
P1002-2026-03-24,P1002,Mira & Co,2026-03-24,53.26
P1002-2026-03-31,P1002,Mira & Co,2026-03-31,53.37
P1002-2026-04-07,P1002,Mira & Co,2026-04-07,53.58
P1002-2026-04-14,P1002,Mira & Co,2026-04-14,54.54
P1002-2026-04-21,P1002,Mira & Co,2026-04-21,53.66
P1002-2026-04-28,P1002,Mira & Co,2026-04-28,55.73
P1003-2025-05-06,P1003,Velora,2025-05-06,69.55
P1003-2025-05-13,P1003,Velora,2025-05-13,69.51
P1003-2025-05-20,P1003,Velora,2025-05-20,69.56
P1003-2025-05-27,P1003,Velora,2025-05-27,70.71
P1003-2025-06-03,P1003,Velora,2025-06-03,69.72
P1003-2025-06-10,P1003,Velora,2025-06-10,69.19
P1003-2025-06-17,P1003,Velora,2025-06-17,66.77
P1003-2025-06-24,P1003,Velora,2025-06-24,67.59
P1003-2025-07-01,P1003,Velora,2025-07-01,67.53
P1003-2025-07-08,P1003,Velora,2025-07-08,66.3
P1003-2025-07-15,P1003,Velora,2025-07-15,65.63
P1003-2025-07-22,P1003,Velora,2025-07-22,65.76
P1003-2025-07-29,P1003,Velora,2025-07-29,64.59
P1003-2025-08-05,P1003,Velora,2025-08-05,66.72
P1003-2025-08-12,P1003,Velora,2025-08-12,67.19
P1003-2025-08-19,P1003,Velora,2025-08-19,63.03
P1003-2025-08-26,P1003,Velora,2025-08-26,64.64
P1003-2025-09-02,P1003,Velora,2025-09-02,68.91
P1003-2025-09-09,P1003,Velora,2025-09-09,68.82
P1003-2025-09-16,P1003,Velora,2025-09-16,70.0
P1003-2025-09-23,P1003,Velora,2025-09-23,70.81
P1003-2025-09-30,P1003,Velora,2025-09-30,70.81
P1003-2025-10-07,P1003,Velora,2025-10-07,69.81
P1003-2025-10-14,P1003,Velora,2025-10-14,69.11
P1003-2025-10-21,P1003,Velora,2025-10-21,70.36
P1003-2025-10-28,P1003,Velora,2025-10-28,69.23
P1003-2025-11-04,P1003,Velora,2025-11-04,70.3
P1003-2025-11-11,P1003,Velora,2025-11-11,69.89
P1003-2025-11-18,P1003,Velora,2025-11-18,68.06
P1003-2025-11-25,P1003,Velora,2025-11-25,65.75
P1003-2025-12-02,P1003,Velora,2025-12-02,65.76
P1003-2025-12-09,P1003,Velora,2025-12-09,69.88
P1003-2025-12-16,P1003,Velora,2025-12-16,69.93
P1003-2025-12-23,P1003,Velora,2025-12-23,69.27
P1003-2025-12-30,P1003,Velora,2025-12-30,70.44
P1003-2026-01-06,P1003,Velora,2026-01-06,66.84
P1003-2026-01-13,P1003,Velora,2026-01-13,66.47
P1003-2026-01-20,P1003,Velora,2026-01-20,66.76
P1003-2026-01-27,P1003,Velora,2026-01-27,67.74
P1003-2026-02-03,P1003,Velora,2026-02-03,67.69
P1003-2026-02-10,P1003,Velora,2026-02-10,68.61
P1003-2026-02-17,P1003,Velora,2026-02-17,69.41
P1003-2026-02-24,P1003,Velora,2026-02-24,68.69
P1003-2026-03-03,P1003,Velora,2026-03-03,64.38
P1003-2026-03-10,P1003,Velora,2026-03-10,65.7
P1003-2026-03-17,P1003,Velora,2026-03-17,67.8
P1003-2026-03-24,P1003,Velora,2026-03-24,67.35
P1003-2026-03-31,P1003,Velora,2026-03-31,65.41
P1003-2026-04-07,P1003,Velora,2026-04-07,67.7
P1003-2026-04-14,P1003,Velora,2026-04-14,66.42
P1003-2026-04-21,P1003,Velora,2026-04-21,68.17
P1003-2026-04-28,P1003,Velora,2026-04-28,67.42
P2001-2025-05-06,P2001,Aurelia,2025-05-06,38.13
P2001-2025-05-13,P2001,Aurelia,2025-05-13,39.27
P2001-2025-05-20,P2001,Aurelia,2025-05-20,38.5
P2001-2025-05-27,P2001,Aurelia,2025-05-27,39.38
P2001-2025-06-03,P2001,Aurelia,2025-06-03,38.44
P2001-2025-06-10,P2001,Aurelia,2025-06-10,37.75
P2001-2025-06-17,P2001,Aurelia,2025-06-17,38.17
P2001-2025-06-24,P2001,Aurelia,2025-06-24,37.69
P2001-2025-07-01,P2001,Aurelia,2025-07-01,36.49
P2001-2025-07-08,P2001,Aurelia,2025-07-08,37.3
P2001-2025-07-15,P2001,Aurelia,2025-07-15,36.35
P2001-2025-07-22,P2001,Aurelia,2025-07-22,35.9
P2001-2025-07-29,P2001,Aurelia,2025-07-29,36.9
P2001-2025-08-05,P2001,Aurelia,2025-08-05,37.28
P2001-2025-08-12,P2001,Aurelia,2025-08-12,37.01
P2001-2025-08-19,P2001,Aurelia,2025-08-19,35.38
P2001-2025-08-26,P2001,Aurelia,2025-08-26,36.14
P2001-2025-09-02,P2001,Aurelia,2025-09-02,38.5
P2001-2025-09-09,P2001,Aurelia,2025-09-09,38.92
P2001-2025-09-16,P2001,Aurelia,2025-09-16,38.86
P2001-2025-09-23,P2001,Aurelia,2025-09-23,39.09
P2001-2025-09-30,P2001,Aurelia,2025-09-30,39.32
P2001-2025-10-07,P2001,Aurelia,2025-10-07,38.85
P2001-2025-10-14,P2001,Aurelia,2025-10-14,38.66
P2001-2025-10-21,P2001,Aurelia,2025-10-21,38.82
P2001-2025-10-28,P2001,Aurelia,2025-10-28,38.88
P2001-2025-11-04,P2001,Aurelia,2025-11-04,39.25
P2001-2025-11-11,P2001,Aurelia,2025-11-11,39.04
P2001-2025-11-18,P2001,Aurelia,2025-11-18,38.25
P2001-2025-11-25,P2001,Aurelia,2025-11-25,36.92
P2001-2025-12-02,P2001,Aurelia,2025-12-02,36.48
P2001-2025-12-09,P2001,Aurelia,2025-12-09,38.49
P2001-2025-12-16,P2001,Aurelia,2025-12-16,38.23
P2001-2025-12-23,P2001,Aurelia,2025-12-23,39.52
P2001-2025-12-30,P2001,Aurelia,2025-12-30,40.04
P2001-2026-01-06,P2001,Aurelia,2026-01-06,37.45
P2001-2026-01-13,P2001,Aurelia,2026-01-13,37.86
P2001-2026-01-20,P2001,Aurelia,2026-01-20,37.57
P2001-2026-01-27,P2001,Aurelia,2026-01-27,38.29
P2001-2026-02-03,P2001,Aurelia,2026-02-03,37.84
P2001-2026-02-10,P2001,Aurelia,2026-02-10,38.17
P2001-2026-02-17,P2001,Aurelia,2026-02-17,37.98
P2001-2026-02-24,P2001,Aurelia,2026-02-24,38.44
P2001-2026-03-03,P2001,Aurelia,2026-03-03,36.14
P2001-2026-03-10,P2001,Aurelia,2026-03-10,35.81
P2001-2026-03-17,P2001,Aurelia,2026-03-17,37.03
P2001-2026-03-24,P2001,Aurelia,2026-03-24,37.82
P2001-2026-03-31,P2001,Aurelia,2026-03-31,36.94
P2001-2026-04-07,P2001,Aurelia,2026-04-07,38.03
P2001-2026-04-14,P2001,Aurelia,2026-04-14,37.28
P2001-2026-04-21,P2001,Aurelia,2026-04-21,38.14
P2001-2026-04-28,P2001,Aurelia,2026-04-28,37.5
P2002-2025-05-06,P2002,Nova Fine,2025-05-06,36.27
P2002-2025-05-13,P2002,Nova Fine,2025-05-13,36.33
P2002-2025-05-20,P2002,Nova Fine,2025-05-20,36.19
P2002-2025-05-27,P2002,Nova Fine,2025-05-27,36.45
P2002-2025-06-03,P2002,Nova Fine,2025-06-03,36.05
P2002-2025-06-10,P2002,Nova Fine,2025-06-10,35.93
P2002-2025-06-17,P2002,Nova Fine,2025-06-17,34.82
P2002-2025-06-24,P2002,Nova Fine,2025-06-24,35.26
P2002-2025-07-01,P2002,Nova Fine,2025-07-01,34.69
P2002-2025-07-08,P2002,Nova Fine,2025-07-08,33.9
P2002-2025-07-15,P2002,Nova Fine,2025-07-15,33.48
P2002-2025-07-22,P2002,Nova Fine,2025-07-22,34.3
P2002-2025-07-29,P2002,Nova Fine,2025-07-29,33.75
P2002-2025-08-05,P2002,Nova Fine,2025-08-05,34.23
P2002-2025-08-12,P2002,Nova Fine,2025-08-12,34.85
P2002-2025-08-19,P2002,Nova Fine,2025-08-19,33.09
P2002-2025-08-26,P2002,Nova Fine,2025-08-26,33.08
P2002-2025-09-02,P2002,Nova Fine,2025-09-02,35.73
P2002-2025-09-09,P2002,Nova Fine,2025-09-09,35.79
P2002-2025-09-16,P2002,Nova Fine,2025-09-16,35.66
P2002-2025-09-23,P2002,Nova Fine,2025-09-23,36.3
P2002-2025-09-30,P2002,Nova Fine,2025-09-30,36.59
P2002-2025-10-07,P2002,Nova Fine,2025-10-07,36.0
P2002-2025-10-14,P2002,Nova Fine,2025-10-14,36.55
P2002-2025-10-21,P2002,Nova Fine,2025-10-21,36.23
P2002-2025-10-28,P2002,Nova Fine,2025-10-28,35.66
P2002-2025-11-04,P2002,Nova Fine,2025-11-04,35.53
P2002-2025-11-11,P2002,Nova Fine,2025-11-11,35.86
P2002-2025-11-18,P2002,Nova Fine,2025-11-18,35.17
P2002-2025-11-25,P2002,Nova Fine,2025-11-25,33.56
P2002-2025-12-02,P2002,Nova Fine,2025-12-02,34.68
P2002-2025-12-09,P2002,Nova Fine,2025-12-09,35.45
P2002-2025-12-16,P2002,Nova Fine,2025-12-16,35.38
P2002-2025-12-23,P2002,Nova Fine,2025-12-23,36.56
P2002-2025-12-30,P2002,Nova Fine,2025-12-30,37.03
P2002-2026-01-06,P2002,Nova Fine,2026-01-06,34.18
P2002-2026-01-13,P2002,Nova Fine,2026-01-13,34.57
P2002-2026-01-20,P2002,Nova Fine,2026-01-20,34.96
P2002-2026-01-27,P2002,Nova Fine,2026-01-27,35.36
P2002-2026-02-03,P2002,Nova Fine,2026-02-03,34.91
P2002-2026-02-10,P2002,Nova Fine,2026-02-10,35.65
P2002-2026-02-17,P2002,Nova Fine,2026-02-17,34.98
P2002-2026-02-24,P2002,Nova Fine,2026-02-24,35.63
P2002-2026-03-03,P2002,Nova Fine,2026-03-03,33.72
P2002-2026-03-10,P2002,Nova Fine,2026-03-10,34.1
P2002-2026-03-17,P2002,Nova Fine,2026-03-17,34.7
P2002-2026-03-24,P2002,Nova Fine,2026-03-24,34.74
P2002-2026-03-31,P2002,Nova Fine,2026-03-31,33.81
P2002-2026-04-07,P2002,Nova Fine,2026-04-07,34.28
P2002-2026-04-14,P2002,Nova Fine,2026-04-14,34.45
P2002-2026-04-21,P2002,Nova Fine,2026-04-21,34.68
P2002-2026-04-28,P2002,Nova Fine,2026-04-28,34.65
P2003-2025-05-06,P2003,Gleam House,2025-05-06,48.06
P2003-2025-05-13,P2003,Gleam House,2025-05-13,49.13
P2003-2025-05-20,P2003,Gleam House,2025-05-20,49.94
P2003-2025-05-27,P2003,Gleam House,2025-05-27,49.76
P2003-2025-06-03,P2003,Gleam House,2025-06-03,48.78
P2003-2025-06-10,P2003,Gleam House,2025-06-10,49.15
P2003-2025-06-17,P2003,Gleam House,2025-06-17,48.37
P2003-2025-06-24,P2003,Gleam House,2025-06-24,47.82
P2003-2025-07-01,P2003,Gleam House,2025-07-01,46.87
P2003-2025-07-08,P2003,Gleam House,2025-07-08,45.88
P2003-2025-07-15,P2003,Gleam House,2025-07-15,47.02
P2003-2025-07-22,P2003,Gleam House,2025-07-22,46.88
P2003-2025-07-29,P2003,Gleam House,2025-07-29,46.71
P2003-2025-08-05,P2003,Gleam House,2025-08-05,47.06
P2003-2025-08-12,P2003,Gleam House,2025-08-12,47.52
P2003-2025-08-19,P2003,Gleam House,2025-08-19,46.05
P2003-2025-08-26,P2003,Gleam House,2025-08-26,46.46
P2003-2025-09-02,P2003,Gleam House,2025-09-02,48.98
P2003-2025-09-09,P2003,Gleam House,2025-09-09,48.04
P2003-2025-09-16,P2003,Gleam House,2025-09-16,49.91
P2003-2025-09-23,P2003,Gleam House,2025-09-23,49.42
P2003-2025-09-30,P2003,Gleam House,2025-09-30,49.24
P2003-2025-10-07,P2003,Gleam House,2025-10-07,49.53
P2003-2025-10-14,P2003,Gleam House,2025-10-14,49.02
P2003-2025-10-21,P2003,Gleam House,2025-10-21,48.29
P2003-2025-10-28,P2003,Gleam House,2025-10-28,48.92
P2003-2025-11-04,P2003,Gleam House,2025-11-04,49.3
P2003-2025-11-11,P2003,Gleam House,2025-11-11,48.03
P2003-2025-11-18,P2003,Gleam House,2025-11-18,49.19
P2003-2025-11-25,P2003,Gleam House,2025-11-25,47.0
P2003-2025-12-02,P2003,Gleam House,2025-12-02,47.42
P2003-2025-12-09,P2003,Gleam House,2025-12-09,48.92
P2003-2025-12-16,P2003,Gleam House,2025-12-16,48.87
P2003-2025-12-23,P2003,Gleam House,2025-12-23,49.34
P2003-2025-12-30,P2003,Gleam House,2025-12-30,49.54
P2003-2026-01-06,P2003,Gleam House,2026-01-06,47.84
P2003-2026-01-13,P2003,Gleam House,2026-01-13,48.14
P2003-2026-01-20,P2003,Gleam House,2026-01-20,48.4
P2003-2026-01-27,P2003,Gleam House,2026-01-27,47.93
P2003-2026-02-03,P2003,Gleam House,2026-02-03,48.58
P2003-2026-02-10,P2003,Gleam House,2026-02-10,48.8
P2003-2026-02-17,P2003,Gleam House,2026-02-17,47.91
P2003-2026-02-24,P2003,Gleam House,2026-02-24,47.42
P2003-2026-03-03,P2003,Gleam House,2026-03-03,47.08
P2003-2026-03-10,P2003,Gleam House,2026-03-10,45.46
P2003-2026-03-17,P2003,Gleam House,2026-03-17,47.13
P2003-2026-03-24,P2003,Gleam House,2026-03-24,47.21
P2003-2026-03-31,P2003,Gleam House,2026-03-31,46.31
P2003-2026-04-07,P2003,Gleam House,2026-04-07,47.42
P2003-2026-04-14,P2003,Gleam House,2026-04-14,46.86
P2003-2026-04-21,P2003,Gleam House,2026-04-21,48.2
P2003-2026-04-28,P2003,Gleam House,2026-04-28,47.21
P3001-2025-05-06,P3001,Route Supply,2025-05-06,71.21
P3001-2025-05-13,P3001,Route Supply,2025-05-13,72.68
P3001-2025-05-20,P3001,Route Supply,2025-05-20,73.02
P3001-2025-05-27,P3001,Route Supply,2025-05-27,73.89
P3001-2025-06-03,P3001,Route Supply,2025-06-03,71.73
P3001-2025-06-10,P3001,Route Supply,2025-06-10,74.47
P3001-2025-06-17,P3001,Route Supply,2025-06-17,72.83
P3001-2025-06-24,P3001,Route Supply,2025-06-24,73.84
P3001-2025-07-01,P3001,Route Supply,2025-07-01,72.86
P3001-2025-07-08,P3001,Route Supply,2025-07-08,74.26
P3001-2025-07-15,P3001,Route Supply,2025-07-15,73.09
P3001-2025-07-22,P3001,Route Supply,2025-07-22,74.06
P3001-2025-07-29,P3001,Route Supply,2025-07-29,74.61
P3001-2025-08-05,P3001,Route Supply,2025-08-05,74.32
P3001-2025-08-12,P3001,Route Supply,2025-08-12,73.36
P3001-2025-08-19,P3001,Route Supply,2025-08-19,68.17
P3001-2025-08-26,P3001,Route Supply,2025-08-26,70.05
P3001-2025-09-02,P3001,Route Supply,2025-09-02,71.87
P3001-2025-09-09,P3001,Route Supply,2025-09-09,73.27
P3001-2025-09-16,P3001,Route Supply,2025-09-16,71.21
P3001-2025-09-23,P3001,Route Supply,2025-09-23,71.88
P3001-2025-09-30,P3001,Route Supply,2025-09-30,74.02
P3001-2025-10-07,P3001,Route Supply,2025-10-07,74.69
P3001-2025-10-14,P3001,Route Supply,2025-10-14,73.82
P3001-2025-10-21,P3001,Route Supply,2025-10-21,75.12
P3001-2025-10-28,P3001,Route Supply,2025-10-28,75.84
P3001-2025-11-04,P3001,Route Supply,2025-11-04,76.61
P3001-2025-11-11,P3001,Route Supply,2025-11-11,76.69
P3001-2025-11-18,P3001,Route Supply,2025-11-18,76.3
P3001-2025-11-25,P3001,Route Supply,2025-11-25,74.14
P3001-2025-12-02,P3001,Route Supply,2025-12-02,74.31
P3001-2025-12-09,P3001,Route Supply,2025-12-09,76.61
P3001-2025-12-16,P3001,Route Supply,2025-12-16,76.35
P3001-2025-12-23,P3001,Route Supply,2025-12-23,75.41
P3001-2025-12-30,P3001,Route Supply,2025-12-30,75.0
P3001-2026-01-06,P3001,Route Supply,2026-01-06,70.87
P3001-2026-01-13,P3001,Route Supply,2026-01-13,69.06
P3001-2026-01-20,P3001,Route Supply,2026-01-20,68.94
P3001-2026-01-27,P3001,Route Supply,2026-01-27,70.08
P3001-2026-02-03,P3001,Route Supply,2026-02-03,70.98
P3001-2026-02-10,P3001,Route Supply,2026-02-10,72.0
P3001-2026-02-17,P3001,Route Supply,2026-02-17,73.61
P3001-2026-02-24,P3001,Route Supply,2026-02-24,74.43
P3001-2026-03-03,P3001,Route Supply,2026-03-03,72.55
P3001-2026-03-10,P3001,Route Supply,2026-03-10,73.21
P3001-2026-03-17,P3001,Route Supply,2026-03-17,74.73
P3001-2026-03-24,P3001,Route Supply,2026-03-24,75.04
P3001-2026-03-31,P3001,Route Supply,2026-03-31,74.22
P3001-2026-04-07,P3001,Route Supply,2026-04-07,74.98
P3001-2026-04-14,P3001,Route Supply,2026-04-14,74.39
P3001-2026-04-21,P3001,Route Supply,2026-04-21,73.74
P3001-2026-04-28,P3001,Route Supply,2026-04-28,73.39
P3002-2025-05-06,P3002,Tidal Goods,2025-05-06,32.41
P3002-2025-05-13,P3002,Tidal Goods,2025-05-13,32.92
P3002-2025-05-20,P3002,Tidal Goods,2025-05-20,32.61
P3002-2025-05-27,P3002,Tidal Goods,2025-05-27,33.08
P3002-2025-06-03,P3002,Tidal Goods,2025-06-03,32.95
P3002-2025-06-10,P3002,Tidal Goods,2025-06-10,33.13
P3002-2025-06-17,P3002,Tidal Goods,2025-06-17,33.78
P3002-2025-06-24,P3002,Tidal Goods,2025-06-24,33.6
P3002-2025-07-01,P3002,Tidal Goods,2025-07-01,33.46
P3002-2025-07-08,P3002,Tidal Goods,2025-07-08,33.18
P3002-2025-07-15,P3002,Tidal Goods,2025-07-15,32.99
P3002-2025-07-22,P3002,Tidal Goods,2025-07-22,33.26
P3002-2025-07-29,P3002,Tidal Goods,2025-07-29,33.03
P3002-2025-08-05,P3002,Tidal Goods,2025-08-05,32.75
P3002-2025-08-12,P3002,Tidal Goods,2025-08-12,33.45
P3002-2025-08-19,P3002,Tidal Goods,2025-08-19,30.66
P3002-2025-08-26,P3002,Tidal Goods,2025-08-26,30.95
P3002-2025-09-02,P3002,Tidal Goods,2025-09-02,32.28
P3002-2025-09-09,P3002,Tidal Goods,2025-09-09,32.41
P3002-2025-09-16,P3002,Tidal Goods,2025-09-16,32.95
P3002-2025-09-23,P3002,Tidal Goods,2025-09-23,33.21
P3002-2025-09-30,P3002,Tidal Goods,2025-09-30,32.73
P3002-2025-10-07,P3002,Tidal Goods,2025-10-07,33.65
P3002-2025-10-14,P3002,Tidal Goods,2025-10-14,34.14
P3002-2025-10-21,P3002,Tidal Goods,2025-10-21,33.68
P3002-2025-10-28,P3002,Tidal Goods,2025-10-28,34.04
P3002-2025-11-04,P3002,Tidal Goods,2025-11-04,34.78
P3002-2025-11-11,P3002,Tidal Goods,2025-11-11,35.33
P3002-2025-11-18,P3002,Tidal Goods,2025-11-18,34.68
P3002-2025-11-25,P3002,Tidal Goods,2025-11-25,33.91
P3002-2025-12-02,P3002,Tidal Goods,2025-12-02,33.24
P3002-2025-12-09,P3002,Tidal Goods,2025-12-09,34.95
P3002-2025-12-16,P3002,Tidal Goods,2025-12-16,34.62
P3002-2025-12-23,P3002,Tidal Goods,2025-12-23,33.64
P3002-2025-12-30,P3002,Tidal Goods,2025-12-30,33.76
P3002-2026-01-06,P3002,Tidal Goods,2026-01-06,32.06
P3002-2026-01-13,P3002,Tidal Goods,2026-01-13,31.45
P3002-2026-01-20,P3002,Tidal Goods,2026-01-20,31.05
P3002-2026-01-27,P3002,Tidal Goods,2026-01-27,31.64
P3002-2026-02-03,P3002,Tidal Goods,2026-02-03,32.32
P3002-2026-02-10,P3002,Tidal Goods,2026-02-10,32.47
P3002-2026-02-17,P3002,Tidal Goods,2026-02-17,32.68
P3002-2026-02-24,P3002,Tidal Goods,2026-02-24,33.57
P3002-2026-03-03,P3002,Tidal Goods,2026-03-03,32.55
P3002-2026-03-10,P3002,Tidal Goods,2026-03-10,32.46
P3002-2026-03-17,P3002,Tidal Goods,2026-03-17,33.97
P3002-2026-03-24,P3002,Tidal Goods,2026-03-24,34.35
P3002-2026-03-31,P3002,Tidal Goods,2026-03-31,33.63
P3002-2026-04-07,P3002,Tidal Goods,2026-04-07,34.05
P3002-2026-04-14,P3002,Tidal Goods,2026-04-14,34.15
P3002-2026-04-21,P3002,Tidal Goods,2026-04-21,33.09
P3002-2026-04-28,P3002,Tidal Goods,2026-04-28,32.88
P3003-2025-05-06,P3003,Carrywell,2025-05-06,42.42
P3003-2025-05-13,P3003,Carrywell,2025-05-13,42.69
P3003-2025-05-20,P3003,Carrywell,2025-05-20,42.65
P3003-2025-05-27,P3003,Carrywell,2025-05-27,42.85
P3003-2025-06-03,P3003,Carrywell,2025-06-03,41.89
P3003-2025-06-10,P3003,Carrywell,2025-06-10,42.76
P3003-2025-06-17,P3003,Carrywell,2025-06-17,43.24
P3003-2025-06-24,P3003,Carrywell,2025-06-24,43.33
P3003-2025-07-01,P3003,Carrywell,2025-07-01,43.15
P3003-2025-07-08,P3003,Carrywell,2025-07-08,43.41
P3003-2025-07-15,P3003,Carrywell,2025-07-15,43.13
P3003-2025-07-22,P3003,Carrywell,2025-07-22,42.72
P3003-2025-07-29,P3003,Carrywell,2025-07-29,43.24
P3003-2025-08-05,P3003,Carrywell,2025-08-05,42.45
P3003-2025-08-12,P3003,Carrywell,2025-08-12,42.73
P3003-2025-08-19,P3003,Carrywell,2025-08-19,40.5
P3003-2025-08-26,P3003,Carrywell,2025-08-26,40.85
P3003-2025-09-02,P3003,Carrywell,2025-09-02,42.72
P3003-2025-09-09,P3003,Carrywell,2025-09-09,42.25
P3003-2025-09-16,P3003,Carrywell,2025-09-16,41.59
P3003-2025-09-23,P3003,Carrywell,2025-09-23,42.83
P3003-2025-09-30,P3003,Carrywell,2025-09-30,43.1
P3003-2025-10-07,P3003,Carrywell,2025-10-07,43.68
P3003-2025-10-14,P3003,Carrywell,2025-10-14,44.58
P3003-2025-10-21,P3003,Carrywell,2025-10-21,44.15
P3003-2025-10-28,P3003,Carrywell,2025-10-28,44.29
P3003-2025-11-04,P3003,Carrywell,2025-11-04,45.41
P3003-2025-11-11,P3003,Carrywell,2025-11-11,44.85
P3003-2025-11-18,P3003,Carrywell,2025-11-18,45.63
P3003-2025-11-25,P3003,Carrywell,2025-11-25,42.94
P3003-2025-12-02,P3003,Carrywell,2025-12-02,44.01
P3003-2025-12-09,P3003,Carrywell,2025-12-09,45.38
P3003-2025-12-16,P3003,Carrywell,2025-12-16,45.14
P3003-2025-12-23,P3003,Carrywell,2025-12-23,44.02
P3003-2025-12-30,P3003,Carrywell,2025-12-30,44.53
P3003-2026-01-06,P3003,Carrywell,2026-01-06,41.88
P3003-2026-01-13,P3003,Carrywell,2026-01-13,41.84
P3003-2026-01-20,P3003,Carrywell,2026-01-20,41.51
P3003-2026-01-27,P3003,Carrywell,2026-01-27,40.69
P3003-2026-02-03,P3003,Carrywell,2026-02-03,42.42
P3003-2026-02-10,P3003,Carrywell,2026-02-10,41.81
P3003-2026-02-17,P3003,Carrywell,2026-02-17,43.4
P3003-2026-02-24,P3003,Carrywell,2026-02-24,42.28
P3003-2026-03-03,P3003,Carrywell,2026-03-03,41.35
P3003-2026-03-10,P3003,Carrywell,2026-03-10,42.18
P3003-2026-03-17,P3003,Carrywell,2026-03-17,43.63
P3003-2026-03-24,P3003,Carrywell,2026-03-24,44.99
P3003-2026-03-31,P3003,Carrywell,2026-03-31,44.84
P3003-2026-04-07,P3003,Carrywell,2026-04-07,43.97
P3003-2026-04-14,P3003,Carrywell,2026-04-14,44.61
P3003-2026-04-21,P3003,Carrywell,2026-04-21,43.46
P3003-2026-04-28,P3003,Carrywell,2026-04-28,43.83
P4001-2025-05-06,P4001,Glow Theory,2025-05-06,25.81
P4001-2025-05-13,P4001,Glow Theory,2025-05-13,25.56
P4001-2025-05-20,P4001,Glow Theory,2025-05-20,25.57
P4001-2025-05-27,P4001,Glow Theory,2025-05-27,25.94
P4001-2025-06-03,P4001,Glow Theory,2025-06-03,25.43
P4001-2025-06-10,P4001,Glow Theory,2025-06-10,25.52
P4001-2025-06-17,P4001,Glow Theory,2025-06-17,25.92
P4001-2025-06-24,P4001,Glow Theory,2025-06-24,25.95
P4001-2025-07-01,P4001,Glow Theory,2025-07-01,26.04
P4001-2025-07-08,P4001,Glow Theory,2025-07-08,25.42
P4001-2025-07-15,P4001,Glow Theory,2025-07-15,25.04
P4001-2025-07-22,P4001,Glow Theory,2025-07-22,24.77
P4001-2025-07-29,P4001,Glow Theory,2025-07-29,24.37
P4001-2025-08-05,P4001,Glow Theory,2025-08-05,25.28
P4001-2025-08-12,P4001,Glow Theory,2025-08-12,25.01
P4001-2025-08-19,P4001,Glow Theory,2025-08-19,23.52
P4001-2025-08-26,P4001,Glow Theory,2025-08-26,24.05
P4001-2025-09-02,P4001,Glow Theory,2025-09-02,25.44
P4001-2025-09-09,P4001,Glow Theory,2025-09-09,25.58
P4001-2025-09-16,P4001,Glow Theory,2025-09-16,25.61
P4001-2025-09-23,P4001,Glow Theory,2025-09-23,26.2
P4001-2025-09-30,P4001,Glow Theory,2025-09-30,26.44
P4001-2025-10-07,P4001,Glow Theory,2025-10-07,26.65
P4001-2025-10-14,P4001,Glow Theory,2025-10-14,26.2
P4001-2025-10-21,P4001,Glow Theory,2025-10-21,26.45
P4001-2025-10-28,P4001,Glow Theory,2025-10-28,26.57
P4001-2025-11-04,P4001,Glow Theory,2025-11-04,27.13
P4001-2025-11-11,P4001,Glow Theory,2025-11-11,26.55
P4001-2025-11-18,P4001,Glow Theory,2025-11-18,26.32
P4001-2025-11-25,P4001,Glow Theory,2025-11-25,24.68
P4001-2025-12-02,P4001,Glow Theory,2025-12-02,24.77
P4001-2025-12-09,P4001,Glow Theory,2025-12-09,25.86
P4001-2025-12-16,P4001,Glow Theory,2025-12-16,26.15
P4001-2025-12-23,P4001,Glow Theory,2025-12-23,25.71
P4001-2025-12-30,P4001,Glow Theory,2025-12-30,26.26
P4001-2026-01-06,P4001,Glow Theory,2026-01-06,24.63
P4001-2026-01-13,P4001,Glow Theory,2026-01-13,24.48
P4001-2026-01-20,P4001,Glow Theory,2026-01-20,24.89
P4001-2026-01-27,P4001,Glow Theory,2026-01-27,25.39
P4001-2026-02-03,P4001,Glow Theory,2026-02-03,25.17
P4001-2026-02-10,P4001,Glow Theory,2026-02-10,25.86
P4001-2026-02-17,P4001,Glow Theory,2026-02-17,26.07
P4001-2026-02-24,P4001,Glow Theory,2026-02-24,26.29
P4001-2026-03-03,P4001,Glow Theory,2026-03-03,24.94
P4001-2026-03-10,P4001,Glow Theory,2026-03-10,25.11
P4001-2026-03-17,P4001,Glow Theory,2026-03-17,26.18
P4001-2026-03-24,P4001,Glow Theory,2026-03-24,25.52
P4001-2026-03-31,P4001,Glow Theory,2026-03-31,25.74
P4001-2026-04-07,P4001,Glow Theory,2026-04-07,25.75
P4001-2026-04-14,P4001,Glow Theory,2026-04-14,25.78
P4001-2026-04-21,P4001,Glow Theory,2026-04-21,25.19
P4001-2026-04-28,P4001,Glow Theory,2026-04-28,24.88
P4002-2025-05-06,P4002,Fable Skin,2025-05-06,23.76
P4002-2025-05-13,P4002,Fable Skin,2025-05-13,24.16
P4002-2025-05-20,P4002,Fable Skin,2025-05-20,24.21
P4002-2025-05-27,P4002,Fable Skin,2025-05-27,24.2
P4002-2025-06-03,P4002,Fable Skin,2025-06-03,24.36
P4002-2025-06-10,P4002,Fable Skin,2025-06-10,24.42
P4002-2025-06-17,P4002,Fable Skin,2025-06-17,24.21
P4002-2025-06-24,P4002,Fable Skin,2025-06-24,23.84
P4002-2025-07-01,P4002,Fable Skin,2025-07-01,23.36
P4002-2025-07-08,P4002,Fable Skin,2025-07-08,23.68
P4002-2025-07-15,P4002,Fable Skin,2025-07-15,23.0
P4002-2025-07-22,P4002,Fable Skin,2025-07-22,23.1
P4002-2025-07-29,P4002,Fable Skin,2025-07-29,23.47
P4002-2025-08-05,P4002,Fable Skin,2025-08-05,22.94
P4002-2025-08-12,P4002,Fable Skin,2025-08-12,23.24
P4002-2025-08-19,P4002,Fable Skin,2025-08-19,22.27
P4002-2025-08-26,P4002,Fable Skin,2025-08-26,21.98
P4002-2025-09-02,P4002,Fable Skin,2025-09-02,23.57
P4002-2025-09-09,P4002,Fable Skin,2025-09-09,23.98
P4002-2025-09-16,P4002,Fable Skin,2025-09-16,24.04
P4002-2025-09-23,P4002,Fable Skin,2025-09-23,23.9
P4002-2025-09-30,P4002,Fable Skin,2025-09-30,24.63
P4002-2025-10-07,P4002,Fable Skin,2025-10-07,24.7
P4002-2025-10-14,P4002,Fable Skin,2025-10-14,24.4
P4002-2025-10-21,P4002,Fable Skin,2025-10-21,24.89
P4002-2025-10-28,P4002,Fable Skin,2025-10-28,24.81
P4002-2025-11-04,P4002,Fable Skin,2025-11-04,25.16
P4002-2025-11-11,P4002,Fable Skin,2025-11-11,24.96
P4002-2025-11-18,P4002,Fable Skin,2025-11-18,24.73
P4002-2025-11-25,P4002,Fable Skin,2025-11-25,23.21
P4002-2025-12-02,P4002,Fable Skin,2025-12-02,23.61
P4002-2025-12-09,P4002,Fable Skin,2025-12-09,24.46
P4002-2025-12-16,P4002,Fable Skin,2025-12-16,24.43
P4002-2025-12-23,P4002,Fable Skin,2025-12-23,23.9
P4002-2025-12-30,P4002,Fable Skin,2025-12-30,24.61
P4002-2026-01-06,P4002,Fable Skin,2026-01-06,22.84
P4002-2026-01-13,P4002,Fable Skin,2026-01-13,23.28
P4002-2026-01-20,P4002,Fable Skin,2026-01-20,23.13
P4002-2026-01-27,P4002,Fable Skin,2026-01-27,23.55
P4002-2026-02-03,P4002,Fable Skin,2026-02-03,23.88
P4002-2026-02-10,P4002,Fable Skin,2026-02-10,23.75
P4002-2026-02-17,P4002,Fable Skin,2026-02-17,24.01
P4002-2026-02-24,P4002,Fable Skin,2026-02-24,24.31
P4002-2026-03-03,P4002,Fable Skin,2026-03-03,23.14
P4002-2026-03-10,P4002,Fable Skin,2026-03-10,23.58
P4002-2026-03-17,P4002,Fable Skin,2026-03-17,24.27
P4002-2026-03-24,P4002,Fable Skin,2026-03-24,24.13
P4002-2026-03-31,P4002,Fable Skin,2026-03-31,23.71
P4002-2026-04-07,P4002,Fable Skin,2026-04-07,23.9
P4002-2026-04-14,P4002,Fable Skin,2026-04-14,23.69
P4002-2026-04-21,P4002,Fable Skin,2026-04-21,23.41
P4002-2026-04-28,P4002,Fable Skin,2026-04-28,23.03
P4003-2025-05-06,P4003,DermaVale,2025-05-06,18.91
P4003-2025-05-13,P4003,DermaVale,2025-05-13,18.97
P4003-2025-05-20,P4003,DermaVale,2025-05-20,19.02
P4003-2025-05-27,P4003,DermaVale,2025-05-27,19.25
P4003-2025-06-03,P4003,DermaVale,2025-06-03,18.87
P4003-2025-06-10,P4003,DermaVale,2025-06-10,19.29
P4003-2025-06-17,P4003,DermaVale,2025-06-17,18.89
P4003-2025-06-24,P4003,DermaVale,2025-06-24,18.87
P4003-2025-07-01,P4003,DermaVale,2025-07-01,18.63
P4003-2025-07-08,P4003,DermaVale,2025-07-08,19.09
P4003-2025-07-15,P4003,DermaVale,2025-07-15,18.9
P4003-2025-07-22,P4003,DermaVale,2025-07-22,18.56
P4003-2025-07-29,P4003,DermaVale,2025-07-29,18.64
P4003-2025-08-05,P4003,DermaVale,2025-08-05,18.22
P4003-2025-08-12,P4003,DermaVale,2025-08-12,18.47
P4003-2025-08-19,P4003,DermaVale,2025-08-19,17.54
P4003-2025-08-26,P4003,DermaVale,2025-08-26,17.34
P4003-2025-09-02,P4003,DermaVale,2025-09-02,18.74
P4003-2025-09-09,P4003,DermaVale,2025-09-09,18.55
P4003-2025-09-16,P4003,DermaVale,2025-09-16,18.82
P4003-2025-09-23,P4003,DermaVale,2025-09-23,18.88
P4003-2025-09-30,P4003,DermaVale,2025-09-30,19.09
P4003-2025-10-07,P4003,DermaVale,2025-10-07,19.8
P4003-2025-10-14,P4003,DermaVale,2025-10-14,19.59
P4003-2025-10-21,P4003,DermaVale,2025-10-21,19.63
P4003-2025-10-28,P4003,DermaVale,2025-10-28,19.31
P4003-2025-11-04,P4003,DermaVale,2025-11-04,19.52
P4003-2025-11-11,P4003,DermaVale,2025-11-11,19.36
P4003-2025-11-18,P4003,DermaVale,2025-11-18,19.61
P4003-2025-11-25,P4003,DermaVale,2025-11-25,18.59
P4003-2025-12-02,P4003,DermaVale,2025-12-02,18.78
P4003-2025-12-09,P4003,DermaVale,2025-12-09,19.34
P4003-2025-12-16,P4003,DermaVale,2025-12-16,19.05
P4003-2025-12-23,P4003,DermaVale,2025-12-23,19.14
P4003-2025-12-30,P4003,DermaVale,2025-12-30,19.16
P4003-2026-01-06,P4003,DermaVale,2026-01-06,18.41
P4003-2026-01-13,P4003,DermaVale,2026-01-13,18.38
P4003-2026-01-20,P4003,DermaVale,2026-01-20,18.62
P4003-2026-01-27,P4003,DermaVale,2026-01-27,18.66
P4003-2026-02-03,P4003,DermaVale,2026-02-03,19.24
P4003-2026-02-10,P4003,DermaVale,2026-02-10,19.22
P4003-2026-02-17,P4003,DermaVale,2026-02-17,18.77
P4003-2026-02-24,P4003,DermaVale,2026-02-24,18.84
P4003-2026-03-03,P4003,DermaVale,2026-03-03,18.24
P4003-2026-03-10,P4003,DermaVale,2026-03-10,18.74
P4003-2026-03-17,P4003,DermaVale,2026-03-17,18.95
P4003-2026-03-24,P4003,DermaVale,2026-03-24,18.98
P4003-2026-03-31,P4003,DermaVale,2026-03-31,18.9
P4003-2026-04-07,P4003,DermaVale,2026-04-07,18.69
P4003-2026-04-14,P4003,DermaVale,2026-04-14,18.61
P4003-2026-04-21,P4003,DermaVale,2026-04-21,18.94
P4003-2026-04-28,P4003,DermaVale,2026-04-28,18.45
